"id","code","name","account_type","reconcile",chart_template_id/id
"l10n_hu_111",111,"Alapítás-átszervezés aktívált értéke","data_account_type_fixed_assets","FALSE",hungarian_chart_template
"l10n_hu_112",112,"Kísérleti fejlesztés aktívált értéke","data_account_type_fixed_assets","FALSE",hungarian_chart_template
"l10n_hu_113",113,"Vagyoni értékű jogok","data_account_type_fixed_assets","FALSE",hungarian_chart_template
"l10n_hu_114",114,"Szellemi termékek","data_account_type_fixed_assets","FALSE",hungarian_chart_template
"l10n_hu_115",115,"Üzleti vagy cégérték","data_account_type_fixed_assets","FALSE",hungarian_chart_template
"l10n_hu_117",117,"Immateriális javak értékhelyesbítése","data_account_type_fixed_assets","FALSE",hungarian_chart_template
"l10n_hu_118",118,"Immateriális javak terven felüli értékcsökkenése és annak visszaírása","data_account_type_fixed_assets","FALSE",hungarian_chart_template
"l10n_hu_119",119,"Immateriális javak terv szerinti értékcsökkenése","data_account_type_fixed_assets","FALSE",hungarian_chart_template
"l10n_hu_121",121,"Földterület","data_account_type_fixed_assets","FALSE",hungarian_chart_template
"l10n_hu_122",122,"Telek, telkesítés","data_account_type_fixed_assets","FALSE",hungarian_chart_template
"l10n_hu_123",123,"Épületek,tulajdoni hányadok","data_account_type_fixed_assets","FALSE",hungarian_chart_template
"l10n_hu_124",124,"Egyéb építmények","data_account_type_fixed_assets","FALSE",hungarian_chart_template
"l10n_hu_125",125,"Üzemkörön kivüli ingatlanok, épületek","data_account_type_fixed_assets","FALSE",hungarian_chart_template
"l10n_hu_126",126,"Ingatlanhoz kapcs. vagyoni ért. jogok","data_account_type_fixed_assets","FALSE",hungarian_chart_template
"l10n_hu_127",127,"Ingatlanok értékhelyesbítése","data_account_type_fixed_assets","FALSE",hungarian_chart_template
"l10n_hu_128",128,"Ingatlanok terven felüli értékcsökkenése és annak visszaírása","data_account_type_depreciation","FALSE",hungarian_chart_template
"l10n_hu_129",129,"Ingatlanok terv szerinti értékcsökkenése","data_account_type_depreciation","FALSE",hungarian_chart_template
"l10n_hu_131",131,"Termelő gépek, berendezések, szerszámok, gyártóeszközök","data_account_type_fixed_assets","FALSE",hungarian_chart_template
"l10n_hu_132",132,"Termelésben közvetlenül résztvevő járművek","data_account_type_fixed_assets","FALSE",hungarian_chart_template
"l10n_hu_137",137,"Műszaki berendezések, gépek, járművek értékhelyesbítése","data_account_type_fixed_assets","FALSE",hungarian_chart_template
"l10n_hu_138",138,"Műszaki berendezések, gépek, járművek terven felüli értékcsökkenése és annak visszaírása","data_account_type_depreciation","FALSE",hungarian_chart_template
"l10n_hu_139",139,"Műszaki berendezések, gépek, járművek terv szerinti értékcsökkenése","data_account_type_depreciation","FALSE",hungarian_chart_template
"l10n_hu_141",141,"Üzemi (üzleti) gépek, berendezések, felszerelések","data_account_type_fixed_assets","FALSE",hungarian_chart_template
"l10n_hu_142",142,"Egyéb járművek","data_account_type_fixed_assets","FALSE",hungarian_chart_template
"l10n_hu_143",143,"Irodai, igazgatási berendezések és felszerelések","data_account_type_fixed_assets","FALSE",hungarian_chart_template
"l10n_hu_144",144,"Üzemkörön kívüli berendezések, felszerelések, járművek","data_account_type_fixed_assets","FALSE",hungarian_chart_template
"l10n_hu_145",145,"Jóléti berendezések, felszerelési tárgyak és képzőművészeti alkotások","data_account_type_fixed_assets","FALSE",hungarian_chart_template
"l10n_hu_147",147,"Egyéb berendezések, felszerelések, járművek értékhelyesbítése","data_account_type_fixed_assets","FALSE",hungarian_chart_template
"l10n_hu_148",148,"Egyéb berendezések, felszerelések, járművek terven felüli értékcsökkenése és annak visszaírása","data_account_type_depreciation","FALSE",hungarian_chart_template
"l10n_hu_149",149,"Egyéb berendezések, felszerelések, járművek terv szerinti értékcsökkenése","data_account_type_depreciation","FALSE",hungarian_chart_template
"l10n_hu_151",151,"Tenyészállatok","data_account_type_fixed_assets","FALSE",hungarian_chart_template
"l10n_hu_152",152,"Igásállatok","data_account_type_fixed_assets","FALSE",hungarian_chart_template
"l10n_hu_153",153,"Egyéb állatok","data_account_type_fixed_assets","FALSE",hungarian_chart_template
"l10n_hu_157",157,"Tenyészállatok értékhelyesbítése","data_account_type_fixed_assets","FALSE",hungarian_chart_template
"l10n_hu_158",158,"Tenyészállatok terven felüli értékcsökkenése és annak visszaírása","data_account_type_depreciation","FALSE",hungarian_chart_template
"l10n_hu_159",159,"Tenyészállatok terv szerinti értékcsökkenése","data_account_type_depreciation","FALSE",hungarian_chart_template
"l10n_hu_161",161,"Befejezetlen beruházások","data_account_type_fixed_assets","FALSE",hungarian_chart_template
"l10n_hu_162",162,"Felújítások","data_account_type_fixed_assets","FALSE",hungarian_chart_template
"l10n_hu_168",168,"Beruházások terven felüli értékcsökk","data_account_type_depreciation","FALSE",hungarian_chart_template
"l10n_hu_171",171,"Tartós részesedés kapcsolt vállalkozásban","data_account_type_fixed_assets","FALSE",hungarian_chart_template
"l10n_hu_172",172,"Tartós jelentős tulajdonosi részesedés","data_account_type_fixed_assets","FALSE",hungarian_chart_template
"l10n_hu_173",173,"Egyéb tartós részesedés","data_account_type_fixed_assets","FALSE",hungarian_chart_template
"l10n_hu_177",177,"Részesedések értékhelyesbítése","data_account_type_fixed_assets","FALSE",hungarian_chart_template
"l10n_hu_178",178,"Tartós részesedések értékelési különbözete","data_account_type_fixed_assets","FALSE",hungarian_chart_template
"l10n_hu_179",179,"Részesedések értékvesztése és annak visszaírása","data_account_type_depreciation","FALSE",hungarian_chart_template
"l10n_hu_181",181,"Államkötvények","data_account_type_fixed_assets","FALSE",hungarian_chart_template
"l10n_hu_182",182,"Kapcsolt vállalkozások értékpapírjai","data_account_type_fixed_assets","FALSE",hungarian_chart_template
"l10n_hu_183",183,"Tartós jelentős tulajdonosi részesedésű vállalkozások értékpapírjai","data_account_type_fixed_assets","FALSE",hungarian_chart_template
"l10n_hu_184",184,"Egyéb vállalkozások értékpapírjai","data_account_type_fixed_assets","FALSE",hungarian_chart_template
"l10n_hu_185",185,"Tartós diszkont értékpapírok","data_account_type_fixed_assets","FALSE",hungarian_chart_template
"l10n_hu_188",188,"Hitelviszonyt megtestesítő értékpapírok értékelési különbözete","data_account_type_fixed_assets","FALSE",hungarian_chart_template
"l10n_hu_189",189,"Értékpapírok értékvesztése és annak visszaírása","data_account_type_depreciation","FALSE",hungarian_chart_template
"l10n_hu_191",191,"TTartósan adott kölcsönök kapcsolt vállalkozásban","data_account_type_fixed_assets","FALSE",hungarian_chart_template
"l10n_hu_192",192,"Tartósan adott kölcsönök, egyéb részesedési viszonyban álló vállalkozásban","data_account_type_fixed_assets","FALSE",hungarian_chart_template
"l10n_hu_193",193,"Egyéb tartósan adott kölcsönök","data_account_type_fixed_assets","FALSE",hungarian_chart_template
"l10n_hu_194",194,"Tartós bankbetétek kapcsolt vállalkozásban","data_account_type_fixed_assets","FALSE",hungarian_chart_template
"l10n_hu_195",195,"Tartós bankbetétek egyéb részesedési viszonyban álló vállalkozásban","data_account_type_fixed_assets","FALSE",hungarian_chart_template
"l10n_hu_196",196,"Egyéb tartós bankbetétek","data_account_type_fixed_assets","FALSE",hungarian_chart_template
"l10n_hu_197",197,"Pénzügyi lízing miatti tartós követelés","data_account_type_fixed_assets","FALSE",hungarian_chart_template
"l10n_hu_199",199,"Tartósan adott kölcsönök (és bankbetétek) értékvesztése és annak visszaírása","data_account_type_depreciation","FALSE",hungarian_chart_template
"l10n_hu_211",211,"Nyers- és alapanyagok","data_account_type_current_assets","FALSE",hungarian_chart_template
"l10n_hu_221",221,"Segédanyagok","data_account_type_current_assets","FALSE",hungarian_chart_template
"l10n_hu_222",222,"Üzem- és fűtőanyagok","data_account_type_current_assets","FALSE",hungarian_chart_template
"l10n_hu_223",223,"Fenntartási anyagok","data_account_type_current_assets","FALSE",hungarian_chart_template
"l10n_hu_224",224,"Építési anyagok","data_account_type_current_assets","FALSE",hungarian_chart_template
"l10n_hu_225",225,"Egy éven belül elhasználódó anyagi eszközök","data_account_type_current_assets","FALSE",hungarian_chart_template
"l10n_hu_226",226,"Tárgyi eszközök közül átsorolt anyagok","data_account_type_current_assets","FALSE",hungarian_chart_template
"l10n_hu_227",227,"Egyéb anyagok","data_account_type_current_assets","FALSE",hungarian_chart_template
"l10n_hu_228",228,"Anyagok árkülönbözete","data_account_type_current_assets","FALSE",hungarian_chart_template
"l10n_hu_229",229,"Anyagok értékvesztése és annak visszaírása","data_account_type_depreciation","FALSE",hungarian_chart_template
"l10n_hu_231",231,"Befejezetlen termelés","data_account_type_current_assets","FALSE",hungarian_chart_template
"l10n_hu_235",235,"Félkész termékek","data_account_type_current_assets","FALSE",hungarian_chart_template
"l10n_hu_238",238,"Félkész termékek készletérték-különbözete","data_account_type_current_assets","FALSE",hungarian_chart_template
"l10n_hu_239",239,"Befejezetlen termelés és félkész termékek értékvesztése és annak visszaírása","data_account_type_depreciation","FALSE",hungarian_chart_template
"l10n_hu_241",241,"Növendékállatok","data_account_type_current_assets","FALSE",hungarian_chart_template
"l10n_hu_242",242,"Hízóállatok","data_account_type_current_assets","FALSE",hungarian_chart_template
"l10n_hu_243",243,"Egyéb állatok","data_account_type_current_assets","FALSE",hungarian_chart_template
"l10n_hu_246",246,"Bérbevett állatok","data_account_type_current_assets","FALSE",hungarian_chart_template
"l10n_hu_248",248,"Állatok készletérték-különbözete","data_account_type_current_assets","FALSE",hungarian_chart_template
"l10n_hu_249",249,"Állatok értékvesztése és annak visszaírása","data_account_type_depreciation","FALSE",hungarian_chart_template
"l10n_hu_251",251,"Késztermékek","data_account_type_current_assets","FALSE",hungarian_chart_template
"l10n_hu_258",258,"Késztermékek készletérték-különbözete","data_account_type_current_assets","FALSE",hungarian_chart_template
"l10n_hu_259",259,"Késztermékek értékvesztése és annak visszaírása","data_account_type_depreciation","FALSE",hungarian_chart_template
"l10n_hu_261",261,"Áruk beszerzési áron","data_account_type_current_assets","FALSE",hungarian_chart_template
"l10n_hu_262",262,"Áruk elszámoló áron","data_account_type_current_assets","FALSE",hungarian_chart_template
"l10n_hu_263",263,"Áruk árkülönbözete","data_account_type_current_assets","FALSE",hungarian_chart_template
"l10n_hu_264",264,"Áruk eladási áron","data_account_type_current_assets","FALSE",hungarian_chart_template
"l10n_hu_265",265,"Áruk árrése","data_account_type_current_assets","FALSE",hungarian_chart_template
"l10n_hu_266",266,"Idegen helyen tárolt, bizományba átadott áruk","data_account_type_current_assets","FALSE",hungarian_chart_template
"l10n_hu_267",267,"Tárgyi eszközök közül átsorolt áruk","data_account_type_current_assets","FALSE",hungarian_chart_template
"l10n_hu_269",269,"Kereskedelmi áruk értékvesztése és annak visszaírása","data_account_type_depreciation","FALSE",hungarian_chart_template
"l10n_hu_271",271,"Közvetített szolgáltatások","data_account_type_current_assets","FALSE",hungarian_chart_template
"l10n_hu_279",279,"Közvetített szolgáltatások értékvesztése és annak visszaírása","data_account_type_depreciation","FALSE",hungarian_chart_template
"l10n_hu_281",281,"Saját göngyölegek","data_account_type_current_assets","FALSE",hungarian_chart_template
"l10n_hu_282",282,"Idegen göngyölegek","data_account_type_current_assets","FALSE",hungarian_chart_template
"l10n_hu_288",288,"Betétdíjas göngyölegek árkülönbözete","data_account_type_current_assets","FALSE",hungarian_chart_template
"l10n_hu_289",289,"Betétdíjas göngyölegek értékvesztése és annak visszaírása","data_account_type_depreciation","FALSE",hungarian_chart_template
"l10n_hu_311",311,"Belföldi követelések (forintban)","data_account_type_receivable","TRUE",hungarian_chart_template
"l10n_hu_312",312,"Belföldi követelések (devizában)","data_account_type_current_assets","FALSE",hungarian_chart_template
"l10n_hu_315",315,"Belföldi követelések értékvesztése és annak visszaírása","data_account_type_depreciation","FALSE",hungarian_chart_template
"l10n_hu_316",316,"Külföldi követelések (forintban)","data_account_type_current_assets","FALSE",hungarian_chart_template
"l10n_hu_317",317,"Külföldi követelések (devizában)","data_account_type_current_assets","FALSE",hungarian_chart_template
"l10n_hu_318",318,"Követelések értékelési különbözete","data_account_type_current_assets","FALSE",hungarian_chart_template
"l10n_hu_319",319,"Külföldi követelések értékvesztése és annak visszaírása","data_account_type_depreciation","FALSE",hungarian_chart_template
"l10n_hu_321",321,"Követelések kapcsolt vállalkozással szemben","data_account_type_current_assets","FALSE",hungarian_chart_template
"l10n_hu_322",322,"Követelések jelentős tulajdoni részesedési viszonyban lévő vállalkozássalszemben","data_account_type_current_assets","FALSE",hungarian_chart_template
"l10n_hu_323",323,"Jegyzett, de még be nem fizetett tőke kapcsolat vállalkozástól","data_account_type_current_assets","FALSE",hungarian_chart_template
"l10n_hu_324",324,"Jegyzett, de még be nem fizetett tőke jelentős tulajdoni részesedési viszonyban lévő vállalkozástól","data_account_type_current_assets","FALSE",hungarian_chart_template
"l10n_hu_325",325,"Kapcsolt vállalkozással szembeni követelések értékvesztése és annak visszaírása","data_account_type_depreciation","FALSE",hungarian_chart_template
"l10n_hu_326",326,"Jelentős tulajdoni részesedési viszonyban lévő vállalkozással szembeni követelések értékvesztése és annak visszaírása","data_account_type_depreciation","FALSE",hungarian_chart_template
"l10n_hu_331",331,"Követelések egyéb részesedési viszonyban lévő vállalkozással szemben","data_account_type_current_assets","FALSE",hungarian_chart_template
"l10n_hu_332",332,"Jegyzett, de még be nem fizetett tőke az egyéb részesedési viszonyban lévő vállalkozástól","data_account_type_current_assets","FALSE",hungarian_chart_template
"l10n_hu_333",333,"Jegyzett, de még be nem fizetett tőke részesedési viszonyban nem lévő vállalkozástól","data_account_type_current_assets","FALSE",hungarian_chart_template
"l10n_hu_339",339,"Egyéb részesedési viszonyban lévő vállalkozással szembeni követelések értékvesztése és annak visszaírás","data_account_type_depreciation","FALSE",hungarian_chart_template
"l10n_hu_341",341,"Belföldi váltókövetelések","data_account_type_current_assets","FALSE",hungarian_chart_template
"l10n_hu_345",345,"Belföldi váltókövetelések értékvesztése és annak visszaírása","data_account_type_depreciation","FALSE",hungarian_chart_template
"l10n_hu_346",346,"Külföldi váltókövetelések","data_account_type_current_assets","FALSE",hungarian_chart_template
"l10n_hu_349",349,"Külföldi váltókövetelések értékvesztése és annak visszaírása","data_account_type_depreciation","FALSE",hungarian_chart_template
"l10n_hu_351",351,"Immateriális javakra adott előlegek","data_account_type_current_assets","FALSE",hungarian_chart_template
"l10n_hu_352",352,"Beruházásokra adott előlegek","data_account_type_current_assets","FALSE",hungarian_chart_template
"l10n_hu_353",353,"Készletekre adott előlegek","data_account_type_current_assets","FALSE",hungarian_chart_template
"l10n_hu_354",354,"Szolgáltatásokra adott előlegek","data_account_type_current_assets","FALSE",hungarian_chart_template
"l10n_hu_355",355,"Egyéb adott előlegek","data_account_type_current_assets","FALSE",hungarian_chart_template
"l10n_hu_359",359,"Adott előlegek értékvesztése és visszaírása","data_account_type_depreciation","FALSE",hungarian_chart_template
"l10n_hu_361",361,"Munkavállalókkal szembeni követelés","data_account_type_current_assets","FALSE",hungarian_chart_template
"l10n_hu_3611",3611,"Munkavállalóknak folyósított előlegek","data_account_type_current_assets","FALSE",hungarian_chart_template
"l10n_hu_3612",3612,"Előírt tartozások","data_account_type_current_assets","FALSE",hungarian_chart_template
"l10n_hu_3613",3613,"Egyéb elszámolások a munkavállalókkal","data_account_type_current_assets","FALSE",hungarian_chart_template
"l10n_hu_362",362,"Költségvetési kiutalási igények","data_account_type_current_assets","FALSE",hungarian_chart_template
"l10n_hu_363",363,"Költségvetési kiutalási igények teljesítése","data_account_type_current_assets","FALSE",hungarian_chart_template
"l10n_hu_364",364,"Rövid lejáratú kölcsönadott pénzeszközök","data_account_type_current_assets","FALSE",hungarian_chart_template
"l10n_hu_365",365,"Vásárolt és kapott követelések","data_account_type_current_assets","FALSE",hungarian_chart_template
"l10n_hu_366",366,"Részesedésekkel, értékpapírokkal kapcsolatos követelések","data_account_type_current_assets","FALSE",hungarian_chart_template
"l10n_hu_367",367,"Határidős, opciós és swapügyletekkel kapcsolatos követelések","data_account_type_current_assets","FALSE",hungarian_chart_template
"l10n_hu_368",368,"Különféle egyéb követelések","data_account_type_current_assets","FALSE",hungarian_chart_template
"l10n_hu_3681",3681,"Bizományosi ügylettel kapcsolatos elszámolások","data_account_type_current_assets","FALSE",hungarian_chart_template
"l10n_hu_3683",3683,"KImport beszerzések áfája","data_account_type_current_assets","FALSE",hungarian_chart_template
"l10n_hu_3684",3684,"Adósok","data_account_type_current_assets","FALSE",hungarian_chart_template
"l10n_hu_3685",3685,"Biztosítóintézettel szembeni követelések","data_account_type_current_assets","FALSE",hungarian_chart_template
"l10n_hu_3686",3686,"Barter ügylet elszámolási számla","data_account_type_current_assets","FALSE",hungarian_chart_template
"l10n_hu_3687",3687,"Árfolyamkülönbözetek elszámolási számla","data_account_type_current_assets","FALSE",hungarian_chart_template
"l10n_hu_3688",3688,"Immateriális javak és tárgyi eszközök elszámolási számla","data_account_type_current_assets","FALSE",hungarian_chart_template
"l10n_hu_3689",3689,"Ki nem emelt egyéb követelések","data_account_type_current_assets","FALSE",hungarian_chart_template
"l10n_hu_369",369,"Egyéb követelések értékvesztése és annak visszaírása","data_account_type_depreciation","FALSE",hungarian_chart_template
"l10n_hu_371",371,"Részesedés kapcsolt vállalkozásban","data_account_type_current_assets","FALSE",hungarian_chart_template
"l10n_hu_3711",3711,"Eladásra vásárolt részesedések kapcsolt vállalkozásban","data_account_type_current_assets","FALSE",hungarian_chart_template
"l10n_hu_3719",3719,"Kapcsolt vállalkozásban lévő részesedések értékvesztése és annak visszaírása","data_account_type_depreciation","FALSE",hungarian_chart_template
"l10n_hu_372",372,"Jelentős tulajdonosi részesedés","data_account_type_current_assets","FALSE",hungarian_chart_template
"l10n_hu_3721",3721,"Eladásra vásárolt jelentős tulajdonosi részesedések","data_account_type_current_assets","FALSE",hungarian_chart_template
"l10n_hu_3729",3729,"Jelentős tulajdonosi részesedések értékvesztése és annak visszaírása","data_account_type_depreciation","FALSE",hungarian_chart_template
"l10n_hu_373",373,"Egyéb részesedés","data_account_type_current_assets","FALSE",hungarian_chart_template
"l10n_hu_3731",3731,"Eladásra vásárolt egyéb részesedések","data_account_type_current_assets","FALSE",hungarian_chart_template
"l10n_hu_3739",3739,"Egyéb részesedések értékvesztése és annak visszaírása","data_account_type_depreciation","FALSE",hungarian_chart_template
"l10n_hu_374",374,"Saját részvények, saját üzletrészek","data_account_type_current_assets","FALSE",hungarian_chart_template
"l10n_hu_3741",3741,"Visszavásárolt saját részvények, üzletrészek","data_account_type_current_assets","FALSE",hungarian_chart_template
"l10n_hu_3749",3749,"Saját részvények, saját üzletrészek értékvesztése","data_account_type_depreciation","FALSE",hungarian_chart_template
"l10n_hu_375",375,"Forgatási célú hitelviszonyt megtestesítő értékpapírok","data_account_type_current_assets","FALSE",hungarian_chart_template
"l10n_hu_3751",3751,"Eladási célra vásárolt hitelviszonyt megtestesítő értékpapírok","data_account_type_current_assets","FALSE",hungarian_chart_template
"l10n_hu_3759",3759,"Forgatási célú hitelviszonyt megtestesítő értékpapírok értékvesztése és annak visszaírása","data_account_type_depreciation","FALSE",hungarian_chart_template
"l10n_hu_378",378,"Értékpapírok értékelési különbözete","data_account_type_current_assets","FALSE",hungarian_chart_template
"l10n_hu_379",379,"Értékpapír elszámolási számla","data_account_type_current_assets","FALSE",hungarian_chart_template
"l10n_hu_381",381,"Pénztár","data_account_type_liquidity","FALSE",hungarian_chart_template
"l10n_hu_382",382,"Valutapénztár","data_account_type_liquidity","FALSE",hungarian_chart_template
"l10n_hu_383",383,"Csekkek","data_account_type_liquidity","FALSE",hungarian_chart_template
"l10n_hu_384",384,"Elszámolási betétszámla","data_account_type_liquidity","FALSE",hungarian_chart_template
"l10n_hu_385",385,"Elkülönített betétszámlák","data_account_type_liquidity","FALSE",hungarian_chart_template
"l10n_hu_386",386,"Deviza betétszámla","data_account_type_liquidity","FALSE",hungarian_chart_template
"l10n_hu_389",389,"Belső áthelyezés","data_account_type_liquidity","FALSE",hungarian_chart_template
"l10n_hu_391",391,"Bevételek aktív időbeli elhatárolása","data_account_type_current_assets","FALSE",hungarian_chart_template
"l10n_hu_392",392,"Költségek, ráfordítások aktív időbeli elhatárolása","data_account_type_current_assets","FALSE",hungarian_chart_template
"l10n_hu_393",393,"Halasztott ráfordítások","data_account_type_current_assets","FALSE",hungarian_chart_template
"l10n_hu_411",411,"Jegyzettőke","data_account_type_equity","FALSE",hungarian_chart_template
"l10n_hu_412",412,"Tőketartalék","data_account_type_equity","FALSE",hungarian_chart_template
"l10n_hu_413",413,"Eredménytartalék","data_account_type_equity","FALSE",hungarian_chart_template
"l10n_hu_414",414,"Lekötött tartalék","data_account_type_equity","FALSE",hungarian_chart_template
"l10n_hu_417",417,"Értékelési tartalék","data_account_type_equity","FALSE",hungarian_chart_template
"l10n_hu_4171",4171,"Értékhelyesbítés értékelési tartaléka","data_account_type_equity","FALSE",hungarian_chart_template
"l10n_hu_4172",4172,"Valós értékelés értékelési tartaléka","data_account_type_equity","FALSE",hungarian_chart_template
"l10n_hu_418",418,"Előző évek helyesbítéséből származó mérleg szerinti eredmény","data_account_type_equity","FALSE",hungarian_chart_template
"l10n_hu_419",419,"Adózott eredmény","data_account_type_equity","FALSE",hungarian_chart_template
"l10n_hu_421",421,"Céltartalék a várható kötelezettségekre","data_account_type_equity","FALSE",hungarian_chart_template
"l10n_hu_422",422,"Céltartalék a jövőbeni költségekre","data_account_type_equity","FALSE",hungarian_chart_template
"l10n_hu_429",429,"Egyéb céltartalék","data_account_type_equity","FALSE",hungarian_chart_template
"l10n_hu_431",431,"Hátrasorolt kötelezettségek kapcsolt vállalkozással szemben","data_account_type_non_current_liabilities","FALSE",hungarian_chart_template
"l10n_hu_432",432,"Hátrasorolt kötelezettségek jelentős tulajdoni részesedési viszonyban lévő vállalkozással szemben","data_account_type_non_current_liabilities","FALSE",hungarian_chart_template
"l10n_hu_433",433,"Hátrasorolt kötelezettségek egyéb részesedési viszonyban lévő vállalkozással szemben","data_account_type_non_current_liabilities","FALSE",hungarian_chart_template
"l10n_hu_441",441,"Hosszú lejáratra kapott kölcsönök","data_account_type_non_current_liabilities","FALSE",hungarian_chart_template
"l10n_hu_442",442,"Átváltoztatható kötvények","data_account_type_non_current_liabilities","FALSE",hungarian_chart_template
"l10n_hu_443",443,"Tartozások kötvénykibocsátásból","data_account_type_non_current_liabilities","FALSE",hungarian_chart_template
"l10n_hu_444",444,"Beruházási és fejlesztési hitelek","data_account_type_non_current_liabilities","FALSE",hungarian_chart_template
"l10n_hu_445",445,"Egyéb hosszú lejáratú hitelek","data_account_type_non_current_liabilities","FALSE",hungarian_chart_template
"l10n_hu_446",446,"Tartós kötelezettségek kapcsolt vállalkozással szemben","data_account_type_non_current_liabilities","FALSE",hungarian_chart_template
"l10n_hu_447",447,"Tartós kötelezettségek jelentős tulajdonosi részesedési viszonyban lévő vállalkozással szemben","data_account_type_non_current_liabilities","FALSE",hungarian_chart_template
"l10n_hu_448",448,"Tartós kötelezettségek részesedési viszonyban lévő vállalkozással szemben","data_account_type_non_current_liabilities","FALSE",hungarian_chart_template
"l10n_hu_449",449,"Egyéb hosszú lejáratú kötelezettségek","data_account_type_non_current_liabilities","FALSE",hungarian_chart_template
"l10n_hu_4491",4491,"Pénzügyi lízing miatti kötelezettségek","data_account_type_non_current_liabilities","FALSE",hungarian_chart_template
"l10n_hu_451",451,"Rövid lejáratú kölcsönök","data_account_type_current_liabilities","FALSE",hungarian_chart_template
"l10n_hu_4511",4511,"Rövid lejáratú hitelek átváltoztatható és átváltoztatható kötvényekből","data_account_type_current_liabilities","FALSE",hungarian_chart_template
"l10n_hu_452",452,"Rövid lejáratú hitelek","data_account_type_current_liabilities","FALSE",hungarian_chart_template
"l10n_hu_453",453,"Vevőktől kapott előlegek","data_account_type_current_liabilities","FALSE",hungarian_chart_template
"l10n_hu_454",454,"Szállítók","data_account_type_payable","TRUE",hungarian_chart_template
"l10n_hu_455",455,"Beruházási szállítók","data_account_type_current_liabilities","FALSE",hungarian_chart_template
"l10n_hu_456",456,"Váltótartozások","data_account_type_current_liabilities","FALSE",hungarian_chart_template
"l10n_hu_457",457,"Rövid lejáratú kötelezettségek kapcsolt vállalkozással szemben","data_account_type_current_liabilities","FALSE",hungarian_chart_template
"l10n_hu_458",458,"Rövid lejáratú kötelezettségek jelentős tulajdoni részesedési viszonyban lévő vállalkozásokkal szemben","data_account_type_current_liabilities","FALSE",hungarian_chart_template
"l10n_hu_459",459,"Rövid lejáratú kötelezettségek egyéb részesedési viszonyban lévő vállalkozással szemben","data_account_type_current_liabilities","FALSE",hungarian_chart_template
"l10n_hu_461",461,"Társasági adó","data_account_type_current_liabilities","FALSE",hungarian_chart_template
"l10n_hu_462",462,"Személyi jövedelemadó elszámolása","data_account_type_current_liabilities","FALSE",hungarian_chart_template
"l10n_hu_463",463,"Költségvetési befizetési kötelezettségek","data_account_type_current_liabilities","FALSE",hungarian_chart_template
"l10n_hu_464",464,"Költségvetési befizetési kötelezettségek teljesítése","data_account_type_current_liabilities","FALSE",hungarian_chart_template
"l10n_hu_465",465,"Vám és import áfa tartozások","data_account_type_current_liabilities","FALSE",hungarian_chart_template
"l10n_hu_466",466,"Előzetesen felszámított általános forgalmi adó","data_account_type_current_liabilities","FALSE",hungarian_chart_template
"l10n_hu_467",467,"Fizetendő általános forgalmi adó","data_account_type_current_liabilities","FALSE",hungarian_chart_template
"l10n_hu_468",468,"Általános forgalmi adó pénzügyi elszámolása","data_account_type_current_liabilities","FALSE",hungarian_chart_template
"l10n_hu_469",469,"Helyi adók elszámolási számla","data_account_type_current_liabilities","FALSE",hungarian_chart_template
"l10n_hu_471",471,"Jövedelemelszámolási számla","data_account_type_current_liabilities","FALSE",hungarian_chart_template
"l10n_hu_472",472,"Fel nem vett járandóságok","data_account_type_current_liabilities","FALSE",hungarian_chart_template
"l10n_hu_473",473,"Társadalombiztosítási járulék kötelezettség","data_account_type_current_liabilities","FALSE",hungarian_chart_template
"l10n_hu_474",474,"Elkülönített alapokkal kapcsolatos fizetési kötelezettségek","data_account_type_current_liabilities","FALSE",hungarian_chart_template
"l10n_hu_475",475,"Vagyonkezelő szervezetekkel szembeni kötelezettségek","data_account_type_current_liabilities","FALSE",hungarian_chart_template
"l10n_hu_476",476,"Rövid lejáratú egyéb kötelezettségek munkavállalókkal és tagokkal szemben","data_account_type_current_liabilities","FALSE",hungarian_chart_template
"l10n_hu_4761",4761,"Kártérítés","data_account_type_current_liabilities","FALSE",hungarian_chart_template
"l10n_hu_4762",4762,"Bírói letiltás","data_account_type_current_liabilities","FALSE",hungarian_chart_template
"l10n_hu_4764",4764,"Levont szakszervezeti díj","data_account_type_current_liabilities","FALSE",hungarian_chart_template
"l10n_hu_4765",4765,"Magán nyugdíjpénztári befizetési kötelezettségek","data_account_type_current_liabilities","FALSE",hungarian_chart_template
"l10n_hu_478",478,"Részesedésekkel, értékpapírokkal kapcsolatos kötelezettségek","data_account_type_current_liabilities","FALSE",hungarian_chart_template
"l10n_hu_479",479,"Különféle rövid lejáratú egyéb kötelezettségek","data_account_type_current_liabilities","FALSE",hungarian_chart_template
"l10n_hu_4791",4791,"Biztosító intézetekkel szembeni kötelezettségek","data_account_type_current_liabilities","FALSE",hungarian_chart_template
"l10n_hu_4792",4792,"Hitelezők","data_account_type_current_liabilities","FALSE",hungarian_chart_template
"l10n_hu_4796",4796,"Kötelezettségek értékelési különbözete","data_account_type_current_liabilities","FALSE",hungarian_chart_template
"l10n_hu_481",481,"Bevételek passzív időbeli elhatárolása","data_account_type_current_liabilities","FALSE",hungarian_chart_template
"l10n_hu_482",482,"Költségek, ráfordítások passzív időbeli elhatárolása","data_account_type_current_liabilities","FALSE",hungarian_chart_template
"l10n_hu_483",483,"Halasztott bevételek","data_account_type_current_liabilities","FALSE",hungarian_chart_template
"l10n_hu_491",491,"Nyitómérleg számla","data_account_type_current_liabilities","FALSE",hungarian_chart_template
"l10n_hu_492",492,"Zárómérleg számla","data_account_type_current_liabilities","FALSE",hungarian_chart_template
"l10n_hu_493",493,"Tárgyévi eredmény elszámolása","data_account_type_current_liabilities","FALSE",hungarian_chart_template
"l10n_hu_494",494,"Adózott eredmény elszámolása","data_account_type_current_liabilities","FALSE",hungarian_chart_template
"l10n_hu_511",511,"Vásárolt anyagok költségei","data_account_type_expenses","FALSE",hungarian_chart_template
"l10n_hu_5111",5111,"Alapanyag költségek","data_account_type_expenses","FALSE",hungarian_chart_template
"l10n_hu_5112",5112,"Segédanyag költségek","data_account_type_expenses","FALSE",hungarian_chart_template
"l10n_hu_5113",5113,"Üzemanyag költségek","data_account_type_expenses","FALSE",hungarian_chart_template
"l10n_hu_5114",5114,"Egy éven belül elhasználódó gyártóeszközök, berendezések, felszerelések és egyéb eszközök költségei","data_account_type_expenses","FALSE",hungarian_chart_template
"l10n_hu_5115",5115,"Egy éven belül elhasználódó munkaruha, védőruha felhasználás költségei","data_account_type_expenses","FALSE",hungarian_chart_template
"l10n_hu_5116",5116,"Nyomtatványok, irodaszerek költségei","data_account_type_expenses","FALSE",hungarian_chart_template
"l10n_hu_5117",5117,"Fűtőanyag költségek","data_account_type_expenses","FALSE",hungarian_chart_template
"l10n_hu_5118",5118,"Villamosenergia felhasználás és vízfelhasználás költségei","data_account_type_expenses","FALSE",hungarian_chart_template
"l10n_hu_5119",5119,"Egyéb anyagfelhasználás költségei","data_account_type_expenses","FALSE",hungarian_chart_template
"l10n_hu_512",512,"Egy éven belül elhasználódó anyagi eszközök költségei","data_account_type_expenses","FALSE",hungarian_chart_template
"l10n_hu_522",522,"Bérleti díjak","data_account_type_expenses","FALSE",hungarian_chart_template
"l10n_hu_523",523,"Fuvarozási, szállítási, rakodási és raktározási költségek","data_account_type_expenses","FALSE",hungarian_chart_template
"l10n_hu_524",524,"Javítás, karbantartás költsége","data_account_type_expenses","FALSE",hungarian_chart_template
"l10n_hu_525",525,"Elektronikus adathordozón megjelent kiadványok költségei","data_account_type_expenses","FALSE",hungarian_chart_template
"l10n_hu_526",526,"Újságok, könyvek költségei","data_account_type_expenses","FALSE",hungarian_chart_template
"l10n_hu_527",527,"Posta, telefon, Internet és egyéb telekommunikációs költségek","data_account_type_expenses","FALSE",hungarian_chart_template
"l10n_hu_528",528,"Mosoda, vegytisztítás, takarítás költségei","data_account_type_expenses","FALSE",hungarian_chart_template
"l10n_hu_529",529,"Egyéb igénybevett szolgáltatások költségei","data_account_type_expenses","FALSE",hungarian_chart_template
"l10n_hu_5291",5291,"Fénymásolás, sokszorosítás költségei","data_account_type_expenses","FALSE",hungarian_chart_template
"l10n_hu_5292",5292,"Távfűtés költségei","data_account_type_expenses","FALSE",hungarian_chart_template
"l10n_hu_5293",5293,"Más vállalkozással végeztetett garanciális javítások költsége","data_account_type_expenses","FALSE",hungarian_chart_template
"l10n_hu_5294",5294,"Kiállítások, bemutatók, vásárok rendezési díja","data_account_type_expenses","FALSE",hungarian_chart_template
"l10n_hu_5295",5295,"Hirdetés, reklám, propaganda költségek","data_account_type_expenses","FALSE",hungarian_chart_template
"l10n_hu_5296",5296,"Oktatás és továbbképzés költségei","data_account_type_expenses","FALSE",hungarian_chart_template
"l10n_hu_531",531,"Hatósági igazgatási, szolgáltatási díjak, illetékek","data_account_type_expenses","FALSE",hungarian_chart_template
"l10n_hu_532",532,"Pénzügyi, befektetési szolgáltatási díjak","data_account_type_expenses","FALSE",hungarian_chart_template
"l10n_hu_5321",5321,"Bankköltség","data_account_type_expenses","FALSE",hungarian_chart_template
"l10n_hu_533",533,"Biztosítási díj","data_account_type_expenses","FALSE",hungarian_chart_template
"l10n_hu_534",534,"Költségként elszámolandó adók, járulékok, termékdíj","data_account_type_expenses","FALSE",hungarian_chart_template
"l10n_hu_539",539,"Különféle egyéb költségek","data_account_type_expenses","FALSE",hungarian_chart_template
"l10n_hu_541",541,"Bérköltség","data_account_type_expenses","FALSE",hungarian_chart_template
"l10n_hu_542",542,"Tulajdonos személyes közreműködésének ellenértéke","data_account_type_expenses","FALSE",hungarian_chart_template
"l10n_hu_551",551,"Munkavállalóknak, tagoknak fizetett személyi jellegű kifizetések","data_account_type_expenses","FALSE",hungarian_chart_template
"l10n_hu_5511",5511,"Betegszabadság díja, munkáltatót terhelő táppénz, táppénz kiegészítés","data_account_type_expenses","FALSE",hungarian_chart_template
"l10n_hu_5512",5512,"Végkielégítés","data_account_type_expenses","FALSE",hungarian_chart_template
"l10n_hu_5513",5513,"Munkábajárással kapcsolatos egyéb költségek térítése","data_account_type_expenses","FALSE",hungarian_chart_template
"l10n_hu_5514",5514,"Kiküldetés napidíja","data_account_type_expenses","FALSE",hungarian_chart_template
"l10n_hu_5515",5515,"Megváltozott munkaképességű munkavállalók keresetkiegészítése, fizetett segélyek","data_account_type_expenses","FALSE",hungarian_chart_template
"l10n_hu_5516",5516,"Üdülési hozzájárulás","data_account_type_expenses","FALSE",hungarian_chart_template
"l10n_hu_5517",5517,"Lakásépítésre nyújtott támogatás, albérleti hozzájárulás","data_account_type_expenses","FALSE",hungarian_chart_template
"l10n_hu_5518",5518,"Jubileumi jutalom, tárgyjutalom","data_account_type_expenses","FALSE",hungarian_chart_template
"l10n_hu_552",552,"Jóléti és kulturális költségek","data_account_type_expenses","FALSE",hungarian_chart_template
"l10n_hu_559",559,"Egyéb személyi jellegű kifizetések","data_account_type_expenses","FALSE",hungarian_chart_template
"l10n_hu_5591",5591,"Munkáltató által fizetett baleset-, élet- és nyugdíjbiztosítás díja","data_account_type_expenses","FALSE",hungarian_chart_template
"l10n_hu_5592",5592,"Munkáltató által önkéntes pénztárba befizetett munkáltatói tagdíj hozzájárulás","data_account_type_expenses","FALSE",hungarian_chart_template
"l10n_hu_5593",5593,"Munkáltatót terhelő személyi jövedelemadó","data_account_type_expenses","FALSE",hungarian_chart_template
"l10n_hu_5594",5594,"Munkáltatói hozzájárulás a korengedményes nyugdíj igénybevételéhez","data_account_type_expenses","FALSE",hungarian_chart_template
"l10n_hu_5595",5595,"Találmányi díj, szabadalom vételára és hasznosítási díja","data_account_type_expenses","FALSE",hungarian_chart_template
"l10n_hu_5596",5596,"Fizetett szerzői, írói és más jogvédelmet élvező munkák díjai és ezekkel kapcsolatos közreműködői díjak","data_account_type_expenses","FALSE",hungarian_chart_template
"l10n_hu_5597",5597,"Fizetett ösztöndíjak","data_account_type_expenses","FALSE",hungarian_chart_template
"l10n_hu_5598",5598,"Reprezentációs költségek, étkezési hozzájárulás","data_account_type_expenses","FALSE",hungarian_chart_template
"l10n_hu_5599",5599,"EMunkavállalókkal kapcsolatos biztosítási díjak","data_account_type_expenses","FALSE",hungarian_chart_template
"l10n_hu_561",561,"Szociális hozzájárulási adó","data_account_type_expenses","FALSE",hungarian_chart_template
"l10n_hu_564",564,"Szakképzési hozzájárulás","data_account_type_expenses","FALSE",hungarian_chart_template
"l10n_hu_565",565,"Rehabilitációs hozzájárulás","data_account_type_expenses","FALSE",hungarian_chart_template
"l10n_hu_571",571,"Terv szerinti értékcsökkenési leírás","data_account_type_expenses","FALSE",hungarian_chart_template
"l10n_hu_572",572,"Kisértékű (200 eFt egyedi beszerzési érték alatti) eszközök terv szerinti értékcsökkenési leírása","data_account_type_expenses","FALSE",hungarian_chart_template
"l10n_hu_581",581,"Saját termelésű készletek állományváltozása","data_account_type_expenses","FALSE",hungarian_chart_template
"l10n_hu_582",582,"Saját előállítású eszközök aktivált értéke","data_account_type_expenses","FALSE",hungarian_chart_template
"l10n_hu_811",811,"Anyagköltség","data_account_type_direct_costs","FALSE",hungarian_chart_template
"l10n_hu_812",812,"Igénybevett szolgáltatások értéke","data_account_type_direct_costs","FALSE",hungarian_chart_template
"l10n_hu_813",813,"Egyéb szolgáltatások értéke","data_account_type_direct_costs","FALSE",hungarian_chart_template
"l10n_hu_814",814,"Eladott áruk beszerzési értéke","data_account_type_direct_costs","FALSE",hungarian_chart_template
"l10n_hu_815",815,"Eladott (közvetített) szolgáltatások értéke","data_account_type_direct_costs","FALSE",hungarian_chart_template
"l10n_hu_821",821,"Bérköltség","data_account_type_direct_costs","FALSE",hungarian_chart_template
"l10n_hu_822",822,"Személyi jellegü egyéb kifizetések","data_account_type_direct_costs","FALSE",hungarian_chart_template
"l10n_hu_823",823,"Bérjárulékok","data_account_type_direct_costs","FALSE",hungarian_chart_template
"l10n_hu_851",851,"Értékesítési, forgalmazási költségek","data_account_type_direct_costs","FALSE",hungarian_chart_template
"l10n_hu_852",852,"Igazgatási költségek","data_account_type_direct_costs","FALSE",hungarian_chart_template
"l10n_hu_853",853,"Egyéb általános költségek","data_account_type_direct_costs","FALSE",hungarian_chart_template
"l10n_hu_861",861,"Értékesített immateriális javak, tárgyi eszközök értékesítésének realizált vesztesége","data_account_type_direct_costs","FALSE",hungarian_chart_template
"l10n_hu_862",862,"Értékesített, átruházott (engedményezett) követelések könyv szerinti értéke","data_account_type_direct_costs","FALSE",hungarian_chart_template
"l10n_hu_863",863,"Mérleg fordulónap előtt bekövetkezett eseményeknek az üzleti évhez kapcsolódó ráfordításai","data_account_type_direct_costs","FALSE",hungarian_chart_template
"l10n_hu_8631",8631,"Káreseménnyel kapcsolatos fizetések, fizetendő összegek","data_account_type_direct_costs","FALSE",hungarian_chart_template
"l10n_hu_8632",8632,"Bírságok, kötbérek, fekbérek, késedelmi kamatok, kártérítések","data_account_type_direct_costs","FALSE",hungarian_chart_template
"l10n_hu_864",864,"Utólag adott - közvetve kapcsolódó - pénzügyileg rendezett engedmény","data_account_type_direct_costs","FALSE",hungarian_chart_template
"l10n_hu_865",865,"Céltartalék képzése","data_account_type_direct_costs","FALSE",hungarian_chart_template
"l10n_hu_866",866,"Értékvesztés, terven felüli értékcsökkenés","data_account_type_direct_costs","FALSE",hungarian_chart_template
"l10n_hu_8661",8661,"Készletek elszámolt értékvesztése","data_account_type_direct_costs","FALSE",hungarian_chart_template
"l10n_hu_8662",8662,"Követelések elszámolt értékvesztése","data_account_type_direct_costs","FALSE",hungarian_chart_template
"l10n_hu_8663",8663,"Immateriális javak elszámolt terven felüli értékcsökkenése","data_account_type_direct_costs","FALSE",hungarian_chart_template
"l10n_hu_8664",8664,"Tárgyi eszközök elszámolt terven felüli értékcsökkenése","data_account_type_direct_costs","FALSE",hungarian_chart_template
"l10n_hu_867",867,"Adók, illetékek, hozzájárulások","data_account_type_direct_costs","FALSE",hungarian_chart_template
"l10n_hu_868",868,"Kivételes nagyságú vagy előfordulású ráfordítások","data_account_type_direct_costs","FALSE",hungarian_chart_template
"l10n_hu_8681",8681,"Társaságba bevitt vagyontárgyak nyilvántartás szerinti értéke","data_account_type_direct_costs","FALSE",hungarian_chart_template
"l10n_hu_8682",8682,"Behajthatatlannak nem minősülő elengedett követelés könyv szerinti értéke","data_account_type_direct_costs","FALSE",hungarian_chart_template
"l10n_hu_8683",8683,"Tartozásátvállalás szerződés szerinti összege","data_account_type_direct_costs","FALSE",hungarian_chart_template
"l10n_hu_8684",8684,"Visszafizetési kötelezettség nélkül átadott, pénzügyileg rendezett támogatás","data_account_type_direct_costs","FALSE",hungarian_chart_template
"l10n_hu_8685",8685,"Fejlesztési célra kapott támogatás visszafizetendő összege","data_account_type_direct_costs","FALSE",hungarian_chart_template
"l10n_hu_8686",8686,"Térítés nélkül átadott eszközök nyilvántartás szerinti értéke","data_account_type_direct_costs","FALSE",hungarian_chart_template
"l10n_hu_8687",8687,"Térítés nélkül nyújtott szolgáltatások bekerülési értéke","data_account_type_direct_costs","FALSE",hungarian_chart_template
"l10n_hu_869",869,"Különféle egyéb ráfordítások","data_account_type_direct_costs","FALSE",hungarian_chart_template
"l10n_hu_8691",8691,"Behajthatatlan követelés leírt összege","data_account_type_direct_costs","FALSE",hungarian_chart_template
"l10n_hu_8692",8692,"Hiányzó, megsemmisült, állományból kivezetett immateriális javak, tárgyi eszközök könyv szerinti értéke","data_account_type_direct_costs","FALSE",hungarian_chart_template
"l10n_hu_8693",8693,"Hiányzó, megsemmisült, állományból kivezetett készletek könyv szerinti értéke","data_account_type_direct_costs","FALSE",hungarian_chart_template
"l10n_hu_8694",8694,"Kereskedelmi áruk veszteségjellegű leltárértékelési különbözete","data_account_type_direct_costs","FALSE",hungarian_chart_template
"l10n_hu_871",871,"Részesedésekből származó ráfordítások és árfolyamveszteségek","data_account_type_direct_costs","FALSE",hungarian_chart_template
"l10n_hu_8711",8711,"Részvényekből származó költségek, árfolyamveszteségek kapcsolt vállalkozásoknak","data_account_type_direct_costs","FALSE",hungarian_chart_template
"l10n_hu_872",872,"Befektetett pénzügyi eszközökből (értékpapírból, kölcsönökből) származó ráfordítások, árfolyamveszteségek","data_account_type_direct_costs","FALSE",hungarian_chart_template
"l10n_hu_8721",8721,"Befektetett pénzügyi eszközök (értékpapírok, kölcsönök) ráfordításaiból, kapcsolt vállalkozások árfolyamveszteségéből származik","data_account_type_direct_costs","FALSE",hungarian_chart_template
"l10n_hu_873",873,"Fizetendő (fizetett) kamatok és kamatjellegű ráfordítások","data_account_type_direct_costs","FALSE",hungarian_chart_template
"l10n_hu_8731",8731,"Fizetendő kamat (fizetett kamat) és kamatszerű kiadások kapcsolt vállalkozásnak","data_account_type_direct_costs","FALSE",hungarian_chart_template
"l10n_hu_874",874,"Részesedések, értékpapírok, bankbetétek értékvesztése","data_account_type_direct_costs","FALSE",hungarian_chart_template
"l10n_hu_875",875,"Forgóeszközök között kimutatott befektetés, értékpapír értékesítésének, beváltásának árfolyamvesztesége","data_account_type_direct_costs","FALSE",hungarian_chart_template
"l10n_hu_876",876,"Átváltáskori, értékeléskori árfolyamveszteség","data_account_type_direct_costs","FALSE",hungarian_chart_template
"l10n_hu_8761",8761,"Deviza- és valutakészletek forintra átváltásának árfolyam-vesztesége","data_account_type_direct_costs","FALSE",hungarian_chart_template
"l10n_hu_8762",8762,"Külföldi pénzértékre szóló eszközök és kötelezettségek pénzügyileg rendezett árfolyamvesztesége","data_account_type_direct_costs","FALSE",hungarian_chart_template
"l10n_hu_8763",8763,"Külföldi pénzértékre szóló eszközök és kötelezettségek mérlegfordulónapi értékelésének összevont árfolyamvesztesége","data_account_type_direct_costs","FALSE",hungarian_chart_template
"l10n_hu_877",877,"Egyéb árfolyamveszteségek, opciós díjak","data_account_type_direct_costs","FALSE",hungarian_chart_template
"l10n_hu_878",878,"Vásárolt követelésekkel kapcsolatos ráfordítások","data_account_type_direct_costs","FALSE",hungarian_chart_template
"l10n_hu_879",879,"Egyéb pénzügyi ráfordítások","data_account_type_direct_costs","FALSE",hungarian_chart_template
"l10n_hu_8791",8791,"Értékelési különbözet egyéb pénzügyi ráfordítások","data_account_type_direct_costs","FALSE",hungarian_chart_template
"l10n_hu_891",891,"Társasági adó","data_account_type_direct_costs","FALSE",hungarian_chart_template
"l10n_hu_911",911,"Belföldi értékesítés árbevétele","data_account_type_revenue","FALSE",hungarian_chart_template
"l10n_hu_931",931,"Exportértékesítés árbevétele","data_account_type_revenue","FALSE",hungarian_chart_template
"l10n_hu_961",961,"Értékesített immateriális javak, tárgyi eszközök értékesítésének realizált nyeresége","data_account_type_other_income","FALSE",hungarian_chart_template
"l10n_hu_962",962,"Értékesített, átruházott (engedményezett) követelések elismert értéke","data_account_type_other_income","FALSE",hungarian_chart_template
"l10n_hu_963",963,"A mérlegkészítés időpontjáig pénzügyileg rendezett, az üzleti évhez kapcsolódó egyéb bevételek","data_account_type_other_income","FALSE",hungarian_chart_template
"l10n_hu_9631",9631,"Káreseményekkel kapcsolatosan kapott bevételek","data_account_type_other_income","FALSE",hungarian_chart_template
"l10n_hu_9632",9632,"Kapott bírságok, kötbérek, fekbérek, késedelmi kamatok, kártérítések","data_account_type_other_income","FALSE",hungarian_chart_template
"l10n_hu_9633",9633,"Behajthatatlannak minősített és leírt követelésekre kapott összegek","data_account_type_other_income","FALSE",hungarian_chart_template
"l10n_hu_964",964,"Utólag kapott - közvetve kapcsolódó - pénzügyileg rendezett engedmény","data_account_type_other_income","FALSE",hungarian_chart_template
"l10n_hu_965",965,"Céltartalék felhasználása (csökkenése, megszűnése)","data_account_type_other_income","FALSE",hungarian_chart_template
"l10n_hu_966",966,"Visszaírt értékvesztés, terven felüli értékcsökkenés","data_account_type_other_income","FALSE",hungarian_chart_template
"l10n_hu_9661",9661,"Készletek visszaírt értékvesztése","data_account_type_other_income","FALSE",hungarian_chart_template
"l10n_hu_9662",9662,"Követelések visszaírt értékvesztése","data_account_type_other_income","FALSE",hungarian_chart_template
"l10n_hu_9663",9663,"Immateriális javak visszaírt terven felüli értékcsökkenése","data_account_type_other_income","FALSE",hungarian_chart_template
"l10n_hu_9664",9664,"Tárgyi eszközök visszaírt terven felüli értékcsökkenése","data_account_type_other_income","FALSE",hungarian_chart_template
"l10n_hu_967",967,"Visszafizetési kötelezettség nélkül kapott támogatás, juttatás","data_account_type_other_income","FALSE",hungarian_chart_template
"l10n_hu_968",968,"Kivételes nagyságú vagy előfordulású bevételek","data_account_type_other_income","FALSE",hungarian_chart_template
"l10n_hu_9681",9681,"Társaságba bevitt vagyontárgyak létesítő okiratban meghatározott értéke","data_account_type_other_income","FALSE",hungarian_chart_template
"l10n_hu_9682",9682,"Elengedett kötelezettségek értéke","data_account_type_other_income","FALSE",hungarian_chart_template
"l10n_hu_9683",9683,"Tartozásátvállalás során harmadik személy által átvállalt kötelezettség","data_account_type_other_income","FALSE",hungarian_chart_template
"l10n_hu_9684",9684,"Visszafizetési kötelezettség nélkül kapott, véglegesen átvett pénzeszköz","data_account_type_other_income","FALSE",hungarian_chart_template
"l10n_hu_9685",9685,"Fejlesztési célra visszafizetési kötelezettség nélkül kapott véglegesen átvett pénzeszköz","data_account_type_other_income","FALSE",hungarian_chart_template
"l10n_hu_9686",9686,"Térítés nélkül átvett, ajándékként, hagyatékként kapott, fellelt eszközök piaci értéke","data_account_type_other_income","FALSE",hungarian_chart_template
"l10n_hu_9687",9687,"Térítés nélkül kapott szolgáltatások piaci értéke","data_account_type_other_income","FALSE",hungarian_chart_template
"l10n_hu_969",969,"Különféle egyéb bevételek","data_account_type_other_income","FALSE",hungarian_chart_template
"l10n_hu_9691",9691,"Biztosító által visszaigazolt kártérítés összege","data_account_type_other_income","FALSE",hungarian_chart_template
"l10n_hu_971",971,"Kapott (járó) osztalék és részesedés","data_account_type_other_income","FALSE",hungarian_chart_template
"l10n_hu_9711",9711,"Kapcsolt vállalkozástól kapott (járó) osztalék és részesedés","data_account_type_other_income","FALSE",hungarian_chart_template
"l10n_hu_972",972,"Részesedések értékesítésének árfolyamnyeresége","data_account_type_other_income","FALSE",hungarian_chart_template
"l10n_hu_9721",9721,"Kapcsolt vállalkozásnak értékesített részesedés árfolyamnyeresége","data_account_type_other_income","FALSE",hungarian_chart_template
"l10n_hu_973",973,"Befektetett pénzügyi eszközök kamatai, árfolyamnyeresége","data_account_type_other_income","FALSE",hungarian_chart_template
"l10n_hu_9731",9731,"Befektetett pénzügyi eszközök kamatai, devizaárfolyam nyereség kapcsolt vállalkozástól","data_account_type_other_income","FALSE",hungarian_chart_template
"l10n_hu_974",974,"Egyéb kapott (járó) kamatok és kamatjellegű bevételek","data_account_type_other_income","FALSE",hungarian_chart_template
"l10n_hu_9741",9741,"Egyéb kamatkövetelések és hasonló bevételek kapcsolt vállalkozástól","data_account_type_other_income","FALSE",hungarian_chart_template
"l10n_hu_975",975,"Forgóeszközök között kimutatott befektetés, értékpapír értékesítésének, beváltásának árfolyamnyeresége","data_account_type_other_income","FALSE",hungarian_chart_template
"l10n_hu_976",976,"Átváltási, értékeléskori árfolyamnyereség","data_account_type_other_income","FALSE",hungarian_chart_template
"l10n_hu_9761",9761,"Deviza- és valutakészletek forintra átváltásának árfolyamnyeresége","data_account_type_other_income","FALSE",hungarian_chart_template
"l10n_hu_9762",9762,"Külföldi pénzértékre szóló eszközök és kötelezettségek pénzügyileg rendezett árfolyamnyeresége","data_account_type_other_income","FALSE",hungarian_chart_template
"l10n_hu_9763",9763,"Külföldi pénzértékre szóló eszközök és kötelezettségek mérlegfordulónapi értékelésének összevont árfolyamnyeresége","data_account_type_other_income","FALSE",hungarian_chart_template
"l10n_hu_977",977,"Egyéb árfolyamnyereségek, opciós díjbevételek","data_account_type_other_income","FALSE",hungarian_chart_template
"l10n_hu_978",978,"Vásárolt követelésekkel kapcsolatos bevételek","data_account_type_other_income","FALSE",hungarian_chart_template
"l10n_hu_979",979,"Egyéb pénzügyi bevételek","data_account_type_other_income","FALSE",hungarian_chart_template
"l10n_hu_9791",9791,"Egyéb pénzügyi bevételek értékelési különbözete","data_account_type_other_income","FALSE",hungarian_chart_template
